[
  {
    "Id": 1,
    "Category": 1,
    "PetType": "Welsh Dragon",
    "Subspecies": "Speckled Grey",
    "GetToKnow": "string",
    "Description": "string",
    "Diet": "string",
    "Size": "string",
    "ImageUrl": "https://github.com/AbrahamPhillip/PetShop/blob/master/BabyWelshDragon.jpg?raw=true",
    "Price": 5.00,
    "NumberInStock": 4
  },

  {
    "Id": 2,
    "Category": 1,
    "PetType": "Welsh Dragon",
    "Subspecies": "Speckled Grey",
    "GetToKnow": "string",
    "Description": "string",
    "Diet": "string",
    "Size": "string",
    "ImageUrl": "https://github.com/AbrahamPhillip/PetShop/blob/master/BabyWelshDragon.jpg?raw=true",
    "Price": 5.00,
    "NumberInStock": 4
  },

  {
    "Id": 3,
    "Category": 1,
    "PetType": "Welsh Dragon",
    "Subspecies": "Speckled Grey",
    "GetToKnow": "string",
    "Description": "string",
    "Diet": "string",
    "Size": "string",
    "ImageUrl": "https://github.com/AbrahamPhillip/PetShop/blob/master/BabyWelshDragon.jpg?raw=true",
    "Price": 5.00,
    "NumberInStock": 4
  },

  {
    "Id": 4,
    "Category": 1,
    "PetType": "Welsh Dragon",
    "Subspecies": "Speckled Grey",
    "GetToKnow": "string",
    "Description": "string",
    "Diet": "string",
    "Size": "string",
    "ImageUrl": "https://github.com/AbrahamPhillip/PetShop/blob/master/BabyWelshDragon.jpg?raw=true",
    "Price": 5.00,
    "NumberInStock": 4
  }
]