[
  {
    "Id": 0,
    "Category": "Dragons",
    "PetType": "Welsh Dragon",
    "Subspecies": "Speckled Grey",
    "GetToKnow": "string",
    "Description": "string",
    "Diet": "string",
    "Size": "medium to large",
    "ImageUrl": "https://github.com/AbrahamPhillip/PetShop/blob/master/BabyWelshDragon.jpg?raw=true",
    "Price": 9700,
    "NumberInStock": 4
  },

  {
    "Id": 0,
    "Category": "Dragons",
    "PetType": "Welsh Dragon",
    "Subspecies": "Speckled Grey",
    "GetToKnow": "string",
    "Description": "string",
    "Diet": "string",
    "Size": "medium to large",
    "ImageUrl": "https://github.com/AbrahamPhillip/PetShop/blob/master/BabyWelshDragon.jpg?raw=true",
    "Price": 9700,
    "NumberInStock": 4
  },

  {
    "Id": 0,
    "Category": "Dragons",
    "PetType": "Welsh Dragon",
    "Subspecies": "Speckled Grey",
    "GetToKnow": "string",
    "Description": "string",
    "Diet": "string",
    "Size": "medium to large",
    "ImageUrl": "https://github.com/AbrahamPhillip/PetShop/blob/master/BabyWelshDragon.jpg?raw=true",
    "Price": 9700,
    "NumberInStock": 4
  },

  {
    "Id": 0,
    "Category": "Dragons",
    "PetType": "Welsh Dragon",
    "Subspecies": "Speckled Grey",
    "GetToKnow": "string",
    "Description": "string",
    "Diet": "string",
    "Size": "medium to large",
    "ImageUrl": "https://github.com/AbrahamPhillip/PetShop/blob/master/BabyWelshDragon.jpg?raw=true",
    "Price": 9700,
    "NumberInStock": 4
  }
]